insert into categoria values ('Peixe');
insert into categoria values ('Marisco');
insert into categoria values ('Charcutaria');
insert into categoria values ('Queijo');
insert into categoria values ('Frescos');
insert into categoria values ('Fruta');
insert into categoria values ('Legumes');
insert into categoria values ('Bebidas');
insert into categoria values ('Com Alcool');
insert into categoria values ('Sem Alcool');
insert into categoria values ('Padaria');
insert into categoria values ('Bolos');
insert into categoria values ('Pao');
insert into categoria values ('Lacticinios');
insert into categoria values ('Ovos');
insert into categoria values ('Leite');
insert into categoria values ('Iogurtes');
insert into categoria values ('Carne');
insert into categoria values ('Porco');
insert into categoria values ('Vaca');
insert into categoria values ('Aves');
insert into categoria values ('Cereais e Derivados');	
insert into super_categoria values ('Lacticinios');
insert into super_categoria values ('Charcutaria');
insert into super_categoria values ('Carne');
insert into super_categoria values ('Padaria');
insert into super_categoria values ('Frescos');
insert into super_categoria values ('Bebidas');
insert into categoria_simples values ('Ovos');
insert into categoria_simples values ('Leite');
insert into categoria_simples values ('Iogurtes');
insert into categoria_simples values ('Queijo');
insert into categoria_simples values ('Fruta');
insert into categoria_simples values ('Legumes');
insert into categoria_simples values ('Com Alcool');
insert into categoria_simples values ('Sem Alcool');
insert into categoria_simples values ('Bolos');
insert into categoria_simples values ('Pao');
insert into categoria_simples values ('Porco');
insert into categoria_simples values ('Vaca');
insert into categoria_simples values ('Aves');
insert into categoria_simples values ('Peixe');
insert into categoria_simples values ('Marisco');	
insert into categoria_simples values ('Cereais e Derivados');
insert into constituida values ('Lacticinios','Leite');
insert into constituida values ('Lacticinios','Ovos');
insert into constituida values ('Lacticinios','Iogurtes');
insert into constituida values ('Charcutaria','Queijo');
insert into constituida values ('Frescos','Fruta');
insert into constituida values ('Frescos','Legumes');
insert into constituida values ('Bebidas','Com Alcool');
insert into constituida values ('Bebidas','Sem Alcool');
insert into constituida values ('Padaria','Bolos');
insert into constituida values ('Padaria','Pao');
insert into constituida values ('Carne','Porco');
insert into constituida values ('Carne','Vaca');
insert into constituida values ('Carne','Aves');

insert into fornecedor values ('000000001','Miguel Vieira');
insert into fornecedor values ('000000002','Beatriz Santiago');
insert into fornecedor values ('000000003','Francisco Caldas');
insert into fornecedor values ('000000004','Pedro Lopes');
insert into fornecedor values ('000000005','Pedro Godinho');
insert into fornecedor values ('000000006','Catarina Jones');
insert into fornecedor values ('000000007','Catarina Trovao');
insert into fornecedor values ('000000008','Andreia Bastos');
insert into fornecedor values ('000000009','Rodrigo Ribeiro');
insert into fornecedor values ('000000010','Catarina Costa');
insert into fornecedor values ('000000011','Ines Tavares');
insert into fornecedor values ('000000012','Catarina Oliveira');
insert into fornecedor values ('000000013','Jose Nave');
insert into fornecedor values ('000000014','Ana Portugal');
insert into fornecedor values ('000000015','Pedro Goncalves');
insert into fornecedor values ('000000016','Luis Fonseca');
insert into fornecedor values ('000000017','Francisco Silva');
insert into fornecedor values ('000000018','Henrique Santos');
insert into fornecedor values ('000000019','Rodrigo Girao');
insert into fornecedor values ('000000020','Bruno Costa');
insert into fornecedor values ('000000021','Mariana Filipe');
insert into fornecedor values ('000000022','Ines Marques');
insert into fornecedor values ('000000023','Maria Eusebio');
insert into fornecedor values ('000000024','Mariana Oliva');
insert into fornecedor values ('000000025','Ines Duarte');
insert into fornecedor values ('000000026','Gustavo Pinto');
insert into produto values ('9999999999901','banana','Fruta','000000004','2017-07-21');
insert into produto values ('9999999999902','bifana','Porco','000000003','2017-07-21');
insert into produto values ('9999999999903','vinho alentejano','Com Alcool','000000002','2017-07-21');
insert into produto values ('9999999999904','vodka','Com Alcool','000000001','2017-07-21');
insert into produto values ('9999999999905','lombo','Porco','000000003','2017-07-21');
insert into produto values ('9999999999906','entremeada','Porco','000000003','2017-07-21');
insert into produto values ('9999999999907','enchido','Porco','000000001','2017-07-21');
insert into produto values ('9999999999908','picanha','Vaca','000000015','2017-07-21');
insert into produto values ('9999999999909','bife de alcatra','Vaca','000000001','2017-07-21');
insert into produto values ('9999999999910','frango','Aves','000000001','2017-07-21');
insert into produto values ('9999999999911','peru','Aves','000000001','2017-07-21');
insert into produto values ('9999999999912','pato','Aves','000000001','2017-07-21');
insert into produto values ('9999999999913','pera','Fruta','000000001','2017-07-21');
insert into produto values ('9999999999914','maca','Fruta','000000014','2017-07-21');
insert into produto values ('9999999999915','morango','Fruta','000000016','2017-07-21');
insert into produto values ('9999999999916','uva','Fruta','000000017','2017-07-21');
insert into produto values ('9999999999917','maracuja','Fruta','000000025','2017-07-21');
insert into produto values ('9999999999918','ananas','Fruta','000000014','2017-07-21');
insert into produto values ('9999999999919','agua','Sem Alcool','000000006','2017-07-21');
insert into produto values ('9999999999920','sumo','Sem Alcool','000000007','2017-07-21');
insert into produto values ('9999999999921','refrigerante','Sem Alcool','000000001','2017-07-21');	
insert into produto values ('9999999999922','classe s','Ovos','000000001','2017-07-21');
insert into produto values ('9999999999923','classe m','Ovos','000000005','2017-07-21');
insert into produto values ('9999999999924','classe l','Ovos','000000024','2017-07-21');
insert into produto values ('9999999999925','whisky','Com Alcool','000000002','2017-07-21');
insert into produto values ('9999999999926','bolachas','Cereais e Derivados','000000009','2017-07-21');
insert into produto values ('9999999999927','chocapic','Cereais e Derivados','000000001','2017-07-21');
insert into produto values ('9999999999928','milho','Legumes','000000018','2017-07-21');
insert into produto values ('9999999999929','feijao','Legumes','000000001','2017-07-21');
insert into produto values ('9999999999930','couve','Legumes','000000019','2017-07-21');
insert into produto values ('9999999999931','alface','Legumes','000000001','2017-07-21');
insert into produto values ('9999999999932','cenoura','Legumes','000000013','2017-07-21');
insert into produto values ('9999999999933','batata','Legumes','000000013','2017-07-21');
insert into produto values ('9999999999934','brocolo','Legumes','000000020','2017-07-21');	
insert into produto values ('9999999999935','nabo','Legumes','000000010','2017-07-21');	
insert into produto values ('9999999999936','grelo','Legumes','000000011','2017-07-21');
insert into produto values ('9999999999937','carcaca','Pao','000000017','2017-07-21');	
insert into produto values ('9999999999938','bola','Pao','000000017','2017-07-21');
insert into produto values ('9999999999939','baguete','Pao','000000001','2017-07-21');
insert into produto values ('9999999999940','pao de sementes','Pao','000000017','2017-07-21');
insert into produto values ('9999999999941','palmiere','Bolos','000000001','2017-07-21');
insert into produto values ('9999999999942','bolo de arroz','Bolos','000000008','2017-07-21');
insert into produto values ('9999999999943','bolo de chocolate','Bolos','000000008','2017-07-21');
insert into produto values ('9999999999944','edar','Queijo','000000001','2017-07-21');
insert into produto values ('9999999999945','mozarella','Queijo','000000015','2017-07-21');
insert into produto values ('9999999999946','flamengo','Queijo','000000015','2017-07-21');
insert into produto values ('9999999999947','cheddar','Queijo','000000015','2017-07-21');
insert into produto values ('9999999999948','brigadeiro','Bolos','000000022','2017-07-21');	
insert into produto values ('9999999999949','bolo marmore','Bolos','000000022','2017-07-21');
insert into produto values ('9999999999950','brigadeiro','Bolos','000000022','2017-07-21');				
insert into produto values ('9999999999951','ostra','Marisco','000000021','2017-07-21');
insert into produto values ('9999999999952','vieiras','Marisco','000000001','2017-07-21');
insert into produto values ('9999999999953','camarao','Marisco','000000023','2017-07-21');
insert into produto values ('9999999999954','caranguejo','Marisco','000000023','2017-07-21');
insert into produto values ('9999999999955','sapateira','Marisco','000000024','2017-07-21');
insert into produto values ('9999999999956','bivalves','Marisco','000000001','2017-07-21');
insert into produto values ('9999999999957','sardinha','Peixe','000000025','2017-07-21');
insert into produto values ('9999999999958','carapau','Peixe','000000012','2017-07-21');
insert into produto values ('9999999999959','salmao','Peixe','000000015','2017-07-21');
insert into produto values ('9999999999960','kebab','Porco','000000003','2017-07-21');
insert into produto values ('9999999999961','bacalhau','Peixe','000000020','2017-07-21');
insert into produto values ('9999999999962','dourada','Peixe','000000001','2017-07-21');
insert into produto values ('9999999999963','liquido','Iogurtes','000000005','2017-07-21');
insert into produto values ('9999999999964','comer a colher','Iogurtes','000000001','2017-07-21');
insert into produto values ('9999999999965','sem lactose','Leite','000000001','2017-07-21');	
insert into fornece_sec values ('000000025','9999999999961');
insert into fornece_sec values ('000000001','9999999999961');
insert into fornece_sec values ('000000002','9999999999961');
insert into fornece_sec values ('000000003','9999999999961');
insert into fornece_sec values ('000000004','9999999999961');
insert into fornece_sec values ('000000005','9999999999961');
insert into fornece_sec values ('000000006','9999999999961');
insert into fornece_sec values ('000000007','9999999999961');
insert into fornece_sec values ('000000008','9999999999961');
insert into fornece_sec values ('000000009','9999999999961');
insert into fornece_sec values ('000000010','9999999999961');
insert into fornece_sec values ('000000011','9999999999961');
insert into fornece_sec values ('000000008','9999999999965');
insert into fornece_sec values ('000000009','9999999999965');
insert into fornece_sec values ('000000010','9999999999965');
insert into fornece_sec values ('000000011','9999999999965');
insert into fornece_sec values ('000000026','9999999999965');
insert into fornece_sec values ('000000026','9999999999901');
insert into fornece_sec values ('000000026','9999999999902');
insert into fornece_sec values ('000000026','9999999999903');
insert into fornece_sec values ('000000026','9999999999908');
insert into fornece_sec values ('000000026','9999999999910');
insert into fornece_sec values ('000000026','9999999999919');
insert into fornece_sec values ('000000026','9999999999922');
insert into fornece_sec values ('000000026','9999999999926');
insert into fornece_sec values ('000000026','9999999999928');
insert into fornece_sec values ('000000026','9999999999937');
insert into fornece_sec values ('000000026','9999999999941');
insert into fornece_sec values ('000000026','9999999999944');
insert into fornece_sec values ('000000026','9999999999951');
insert into fornece_sec values ('000000026','9999999999957');
insert into fornece_sec values ('000000026','9999999999963');
insert into fornece_sec values ('000000012','9999999999904');
insert into fornece_sec values ('000000013','9999999999905');
insert into fornece_sec values ('000000014','9999999999906');
insert into fornece_sec values ('000000015','9999999999907');
insert into fornece_sec values ('000000016','9999999999909');
insert into fornece_sec values ('000000017','9999999999911');
insert into fornece_sec values ('000000018','9999999999912');
insert into fornece_sec values ('000000019','9999999999913');
insert into fornece_sec values ('000000023','9999999999913');
insert into fornece_sec values ('000000020','9999999999914');
insert into fornece_sec values ('000000021','9999999999915');
insert into fornece_sec values ('000000022','9999999999916');
insert into fornece_sec values ('000000014','9999999999916');
insert into fornece_sec values ('000000023','9999999999917');
insert into fornece_sec values ('000000024','9999999999918');
insert into fornece_sec values ('000000025','9999999999920');
insert into fornece_sec values ('000000012','9999999999921');
insert into fornece_sec values ('000000013','9999999999923');
insert into fornece_sec values ('000000014','9999999999924');
insert into fornece_sec values ('000000015','9999999999925');
insert into fornece_sec values ('000000016','9999999999927');
insert into fornece_sec values ('000000017','9999999999929');
insert into fornece_sec values ('000000018','9999999999930');
insert into fornece_sec values ('000000019','9999999999931');
insert into fornece_sec values ('000000020','9999999999932');
insert into fornece_sec values ('000000021','9999999999933');
insert into fornece_sec values ('000000022','9999999999934');
insert into fornece_sec values ('000000026','9999999999934');
insert into fornece_sec values ('000000023','9999999999935');
insert into fornece_sec values ('000000024','9999999999936');
insert into fornece_sec values ('000000025','9999999999938');
insert into fornece_sec values ('000000002','9999999999939');
insert into fornece_sec values ('000000006','9999999999939');
insert into fornece_sec values ('000000003','9999999999940');
insert into fornece_sec values ('000000004','9999999999942');
insert into fornece_sec values ('000000005','9999999999943');
insert into fornece_sec values ('000000006','9999999999945');
insert into fornece_sec values ('000000007','9999999999946');
insert into fornece_sec values ('000000008','9999999999947');
insert into fornece_sec values ('000000009','9999999999948');
insert into fornece_sec values ('000000010','9999999999949');
insert into fornece_sec values ('000000011','9999999999950');
insert into fornece_sec values ('000000012','9999999999952');
insert into fornece_sec values ('000000013','9999999999953');
insert into fornece_sec values ('000000014','9999999999954');
insert into fornece_sec values ('000000015','9999999999955');
insert into fornece_sec values ('000000016','9999999999956');
insert into fornece_sec values ('000000017','9999999999958');
insert into fornece_sec values ('000000009','9999999999958');
insert into fornece_sec values ('000000018','9999999999959');
insert into fornece_sec values ('000000019','9999999999960');
insert into fornece_sec values ('000000020','9999999999962');
insert into fornece_sec values ('000000021','9999999999964');
insert into fornece_sec values ('000000015','9999999999964');

insert into corredor values ('1','10');
insert into corredor values ('2','10');
insert into corredor values ('3','10');
insert into corredor values ('4','10');
insert into corredor values ('5','10');
insert into corredor values ('6','10');
insert into corredor values ('7','10');
insert into corredor values ('8','10');
insert into corredor values ('9','10');
insert into prateleira values ('1','esquerda','alto');
insert into prateleira values ('1','esquerda','baixo');
insert into prateleira values ('1','esquerda','medio');	
insert into prateleira values ('1','direita','alto');
insert into prateleira values ('1','direita','baixo');
insert into prateleira values ('1','direita','medio');
insert into prateleira values ('2','direita','alto');
insert into prateleira values ('2','direita','baixo');
insert into prateleira values ('2','direita','medio');
insert into prateleira values ('2','esquerda','alto');
insert into prateleira values ('2','esquerda','baixo');
insert into prateleira values ('2','esquerda','medio');
insert into prateleira values ('3','direita','alto');
insert into prateleira values ('3','direita','baixo');
insert into prateleira values ('3','direita','medio');
insert into prateleira values ('3','esquerda','alto');
insert into prateleira values ('3','esquerda','baixo');
insert into prateleira values ('3','esquerda','medio');
insert into prateleira values ('4','direita','alto');
insert into prateleira values ('4','direita','baixo');
insert into prateleira values ('4','direita','medio');
insert into prateleira values ('4','esquerda','alto');
insert into prateleira values ('4','esquerda','baixo');
insert into prateleira values ('4','esquerda','medio');
insert into prateleira values ('5','direita','alto');
insert into prateleira values ('5','direita','baixo');
insert into prateleira values ('5','direita','medio');
insert into prateleira values ('5','esquerda','alto');
insert into prateleira values ('5','esquerda','baixo');
insert into prateleira values ('5','esquerda','medio');
insert into prateleira values ('6','direita','alto');
insert into prateleira values ('6','direita','baixo');
insert into prateleira values ('6','direita','medio');
insert into prateleira values ('6','esquerda','alto');
insert into prateleira values ('6','esquerda','baixo');
insert into prateleira values ('6','esquerda','medio');
insert into prateleira values ('7','direita','alto');
insert into prateleira values ('7','direita','baixo');
insert into prateleira values ('7','direita','medio');
insert into prateleira values ('7','esquerda','alto');
insert into prateleira values ('7','esquerda','baixo');
insert into prateleira values ('7','esquerda','medio');	
insert into prateleira values ('8','direita','alto');
insert into prateleira values ('8','direita','baixo');
insert into prateleira values ('8','direita','medio');
insert into prateleira values ('8','esquerda','alto');
insert into prateleira values ('8','esquerda','baixo');
insert into prateleira values ('8','esquerda','medio');
insert into prateleira values ('9','direita','alto');
insert into prateleira values ('9','direita','baixo');
insert into prateleira values ('9','direita','medio');
insert into prateleira values ('9','esquerda','alto');
insert into prateleira values ('9','esquerda','baixo');
insert into prateleira values ('9','esquerda','medio');							
insert into planograma values ('9999999999901','1','esquerda','alto','1','50','2');
insert into planograma values ('9999999999913','1','esquerda','medio','1','50','2');
insert into planograma values ('9999999999914','1','esquerda','baixo','1','50','2');
insert into planograma values ('9999999999915','1','esquerda','medio','1','50','1');
insert into planograma values ('9999999999916','1','direita','medio','1','50','2');
insert into planograma values ('9999999999917','1','direita','alto','1','50','2');
insert into planograma values ('9999999999918','1','direita','baixo','1','50','2');
insert into planograma values ('9999999999928','2','direita','baixo','1','50','2');
insert into planograma values ('9999999999929','2','direita','baixo','1','50','1');
insert into planograma values ('9999999999930','2','direita','medio','1','50','2');
insert into planograma values ('9999999999931','2','direita','medio','1','50','1');
insert into planograma values ('9999999999932','2','direita','alto','1','50','2');
insert into planograma values ('9999999999933','2','direita','alto','1','50','1');
insert into planograma values ('9999999999934','2','esquerda','baixo','1','50','2');
insert into planograma values ('9999999999935','2','esquerda','medio','1','50','2');
insert into planograma values ('9999999999936','2','esquerda','alto','1','50','2');
insert into planograma values ('9999999999903','9','esquerda','baixo','1','50','2');
insert into planograma values ('9999999999904','9','esquerda','alto','1','50','2');	
insert into planograma values ('9999999999919','9','esquerda','medio','1','50','2');
insert into planograma values ('9999999999920','9','direita','baixo','1','50','2');
insert into planograma values ('9999999999921','9','direita','medio','1','50','2');
insert into planograma values ('9999999999925','9','direita','alto','1','50','2');
insert into planograma values ('9999999999944','3','direita','baixo','1','50','2');
insert into planograma values ('9999999999945','3','direita','medio','1','50','2');
insert into planograma values ('9999999999946','3','direita','alto','1','50','2');
insert into planograma values ('9999999999947','3','esquerda','baixo','1','50','2');
insert into planograma values ('9999999999963','3','esquerda','alto','1','50','2');	
insert into planograma values ('9999999999964','3','esquerda','medio','1','50','2');
insert into planograma values ('9999999999922','4','direita','baixo','1','50','2');
insert into planograma values ('9999999999923','4','direita','medio','1','50','2');
insert into planograma values ('9999999999924','4','direita','alto','1','50','2');
insert into planograma values ('9999999999926','4','esquerda','baixo','1','50','2');
insert into planograma values ('9999999999927','4','esquerda','medio','1','50','2');
insert into planograma values ('9999999999937','5','direita','baixo','1','50','2');
insert into planograma values ('9999999999938','5','direita','baixo','1','50','1');
insert into planograma values ('9999999999939','5','direita','medio','1','50','2');
insert into planograma values ('9999999999940','5','direita','medio','1','50','1');
insert into planograma values ('9999999999941','5','direita','alto','1','50','2');
insert into planograma values ('9999999999942','5','direita','alto','1','50','1');
insert into planograma values ('9999999999943','5','esquerda','baixo','1','50','2');
insert into planograma values ('9999999999948','5','esquerda','medio','1','50','1');
insert into planograma values ('9999999999949','5','esquerda','medio','1','50','2');
insert into planograma values ('9999999999950','5','esquerda','alto','1','50','2');
insert into planograma values ('9999999999902','6','direita','baixo','1','50','2');
insert into planograma values ('9999999999905','6','direita','baixo','1','50','1');
insert into planograma values ('9999999999906','6','direita','medio','1','50','2');
insert into planograma values ('9999999999907','6','direita','medio','1','50','1');
insert into planograma values ('9999999999908','6','direita','alto','1','50','2');
insert into planograma values ('9999999999909','6','direita','alto','1','50','1');
insert into planograma values ('9999999999910','6','esquerda','baixo','1','50','2');
insert into planograma values ('9999999999911','6','esquerda','medio','1','50','2');
insert into planograma values ('9999999999912','6','esquerda','alto','1','50','2');
insert into planograma values ('9999999999960','6','esquerda','alto','1','50','1');
insert into planograma values ('9999999999957','7','direita','baixo','1','50','2');
insert into planograma values ('9999999999958','7','direita','medio','1','50','2');
insert into planograma values ('9999999999959','7','direita','alto','1','50','2');
insert into planograma values ('9999999999961','7','esquerda','baixo','1','50','2');
insert into planograma values ('9999999999962','7','esquerda','medio','1','50','2');
insert into planograma values ('9999999999951','8','direita','baixo','1','50','2');
insert into planograma values ('9999999999952','8','direita','medio','1','50','2');
insert into planograma values ('9999999999953','8','direita','alto','1','50','2');
insert into planograma values ('9999999999954','8','esquerda','baixo','1','50','2');
insert into planograma values ('9999999999955','8','esquerda','alto','1','50','2');	
insert into planograma values ('9999999999956','8','esquerda','medio','1','50','2');				

insert into evento_reposicao values('Sr Vitor','2017-08-01 09:00:00');
insert into evento_reposicao values('Asdrubal','2017-08-02 10:00:10');
insert into evento_reposicao values('Dona Amelia','2017-08-02 11:00:10');
insert into evento_reposicao values('Frank Cold','2017-08-03 11:30:20');
insert into evento_reposicao values('Anibal','2017-08-02 11:00:20');
insert into evento_reposicao values('Catia','2017-08-02 11:00:20');
insert into evento_reposicao values('Vanessa','2017-08-02 11:00:20');
insert into evento_reposicao values('Jessica','2017-08-02 11:00:20');
insert into evento_reposicao values('Ze','2017-08-02 11:00:20');	
insert into reposicao values ('9999999999901','1','esquerda','alto','Sr Vitor','2017-08-01 09:00:00','50');
insert into reposicao values ('9999999999913','1','esquerda','medio','Sr Vitor','2017-08-01 09:00:00','50');
insert into reposicao values ('9999999999914','1','esquerda','baixo','Sr Vitor','2017-08-01 09:00:00','50');
insert into reposicao values ('9999999999915','1','esquerda','medio','Sr Vitor','2017-08-01 09:00:00','50');
insert into reposicao values ('9999999999916','1','direita','medio','Sr Vitor','2017-08-01 09:00:00','50');
insert into reposicao values ('9999999999917','1','direita','alto','Sr Vitor','2017-08-01 09:00:00','50');
insert into reposicao values ('9999999999918','1','direita','baixo','Sr Vitor','2017-08-01 09:00:00','50');
insert into reposicao values ('9999999999928','2','direita','baixo','Asdrubal','2017-08-02 10:00:10','50');
insert into reposicao values ('9999999999929','2','direita','baixo','Asdrubal','2017-08-02 10:00:10','50');
insert into reposicao values ('9999999999930','2','direita','medio','Asdrubal','2017-08-02 10:00:10','50');
insert into reposicao values ('9999999999931','2','direita','medio','Asdrubal','2017-08-02 10:00:10','50');
insert into reposicao values ('9999999999932','2','direita','alto','Asdrubal','2017-08-02 10:00:10','50');
insert into reposicao values ('9999999999933','2','direita','alto','Asdrubal','2017-08-02 10:00:10','50');
insert into reposicao values ('9999999999934','2','esquerda','baixo','Asdrubal','2017-08-02 10:00:10','50');
insert into reposicao values ('9999999999935','2','esquerda','medio','Asdrubal','2017-08-02 10:00:10','50');
insert into reposicao values ('9999999999936','2','esquerda','alto','Asdrubal','2017-08-02 10:00:10','50');
insert into reposicao values ('9999999999944','3','direita','baixo','Dona Amelia','2017-08-02 11:00:10','50');
insert into reposicao values ('9999999999945','3','direita','medio','Dona Amelia','2017-08-02 11:00:10','50');
insert into reposicao values ('9999999999946','3','direita','alto','Dona Amelia','2017-08-02 11:00:10','50');
insert into reposicao values ('9999999999947','3','esquerda','baixo','Dona Amelia','2017-08-02 11:00:10','50');
insert into reposicao values ('9999999999963','3','esquerda','alto','Dona Amelia','2017-08-02 11:00:10','50');
insert into reposicao values ('9999999999964','3','esquerda','medio','Dona Amelia','2017-08-02 11:00:10','50');
insert into reposicao values ('9999999999922','4','direita','baixo','Anibal','2017-08-02 11:00:20','50');
insert into reposicao values ('9999999999923','4','direita','medio','Anibal','2017-08-02 11:00:20','50');
insert into reposicao values ('9999999999924','4','direita','alto','Anibal','2017-08-02 11:00:20','50');
insert into reposicao values ('9999999999926','4','esquerda','baixo','Anibal','2017-08-02 11:00:20','50');
insert into reposicao values ('9999999999927','4','esquerda','medio','Anibal','2017-08-02 11:00:20','50');
insert into reposicao values ('9999999999937','5','direita','baixo','Catia','2017-08-02 11:00:20','50');
insert into reposicao values ('9999999999938','5','direita','baixo','Catia','2017-08-02 11:00:20','50');
insert into reposicao values ('9999999999939','5','direita','medio','Catia','2017-08-02 11:00:20','50');
insert into reposicao values ('9999999999940','5','direita','medio','Catia','2017-08-02 11:00:20','50');
insert into reposicao values ('9999999999941','5','direita','alto','Catia','2017-08-02 11:00:20','50');
insert into reposicao values ('9999999999942','5','direita','alto','Catia','2017-08-02 11:00:20','50');
insert into reposicao values ('9999999999943','5','esquerda','baixo','Catia','2017-08-02 11:00:20','50');
insert into reposicao values ('9999999999948','5','esquerda','medio','Catia','2017-08-02 11:00:20','50');
insert into reposicao values ('9999999999949','5','esquerda','medio','Catia','2017-08-02 11:00:20','50');
insert into reposicao values ('9999999999950','5','esquerda','alto','Catia','2017-08-02 11:00:20','50');
insert into reposicao values ('9999999999902','6','direita','baixo','Frank Cold','2017-08-03 11:30:20','50');
insert into reposicao values ('9999999999905','6','direita','baixo','Frank Cold','2017-08-03 11:30:20','50');
insert into reposicao values ('9999999999906','6','direita','medio','Frank Cold','2017-08-03 11:30:20','50');
insert into reposicao values ('9999999999907','6','direita','medio','Frank Cold','2017-08-03 11:30:20','50');
insert into reposicao values ('9999999999908','6','direita','alto','Frank Cold','2017-08-03 11:30:20','50');
insert into reposicao values ('9999999999909','6','direita','alto','Frank Cold','2017-08-03 11:30:20','50');
insert into reposicao values ('9999999999910','6','esquerda','baixo','Frank Cold','2017-08-03 11:30:20','50');
insert into reposicao values ('9999999999911','6','esquerda','medio','Frank Cold','2017-08-03 11:30:20','50');
insert into reposicao values ('9999999999912','6','esquerda','alto','Frank Cold','2017-08-03 11:30:20','50');
insert into reposicao values ('9999999999960','6','esquerda','alto','Frank Cold','2017-08-03 11:30:20','50');
insert into reposicao values ('9999999999957','7','direita','baixo','Vanessa','2017-08-02 11:00:20','50');
insert into reposicao values ('9999999999958','7','direita','medio','Vanessa','2017-08-02 11:00:20','50');
insert into reposicao values ('9999999999959','7','direita','alto','Vanessa','2017-08-02 11:00:20','50');
insert into reposicao values ('9999999999961','7','esquerda','baixo','Vanessa','2017-08-02 11:00:20','50');
insert into reposicao values ('9999999999962','7','esquerda','medio','Vanessa','2017-08-02 11:00:20','50');
insert into reposicao values ('9999999999951','8','direita','baixo','Jessica','2017-08-02 11:00:20','50');
insert into reposicao values ('9999999999952','8','direita','medio','Jessica','2017-08-02 11:00:20','50');
insert into reposicao values ('9999999999953','8','direita','alto','Jessica','2017-08-02 11:00:20','50');
insert into reposicao values ('9999999999954','8','esquerda','baixo','Jessica','2017-08-02 11:00:20','50');
insert into reposicao values ('9999999999955','8','esquerda','alto','Jessica','2017-08-02 11:00:20','50');
insert into reposicao values ('9999999999956','8','esquerda','medio','Jessica','2017-08-02 11:00:20','50');
insert into reposicao values ('9999999999903','9','esquerda','baixo','Ze','2017-08-02 11:00:20','50');
insert into reposicao values ('9999999999904','9','esquerda','alto','Ze','2017-08-02 11:00:20','50');
insert into reposicao values ('9999999999919','9','esquerda','medio','Ze','2017-08-02 11:00:20','50');
insert into reposicao values ('9999999999920','9','direita','baixo','Ze','2017-08-02 11:00:20','50');
insert into reposicao values ('9999999999920','9','direita','baixo','Frank Cold','2017-08-03 11:30:20','50');
insert into reposicao values ('9999999999925','9','direita','alto','Ze','2017-08-02 11:00:20','50');